{
"System": "testo da mostrare nella popup info",
"Jointspaces": "testo da mostrare nella popup info",
"Cell": "testo da mostrare nella popup info",
"DynamicVolumes": "testo da mostrare nella popup info",
"FunctionalSpacesA": "testo da mostrare nella popup info",
"FunctionalSpacesB": "testo da mostrare nella popup info",
"Speed": "testo da mostrare nella popup info",
"MonitoringPoints": "testo da mostrare nella popup info",
"Brake": "testo da mostrare nella popup info",
"SafeOutputs": "testo da mostrare nella popup info",
"ToolOrientation": "testo da mostrare nella popup info"
}
