{
	"DynamicVolumes":	[{
			"id":	0,
			"value":	{
				"x":	0,
				"y":	0,
				"z":	0,
				"roll":	0,
				"pitch":	0,
				"yaw":	0,
				"width":	1000,
				"depth":	1000,
				"height":	1000
			},
			"flags":	{
				"enabled":	false,
				"workType":	false,
				"alwaysActive":	false
			},
			"name":	"DynVol_1"
		}, {
			"id":	1,
			"value":	{
				"x":	0,
				"y":	0,
				"z":	0,
				"roll":	0,
				"pitch":	0,
				"yaw":	0,
				"width":	1000,
				"depth":	1000,
				"height":	1000
			},
			"flags":	{
				"enabled":	false,
				"workType":	false,
				"alwaysActive":	false
			},
			"name":	"DynVol_2"
		}, {
			"id":	2,
			"value":	{
				"x":	0,
				"y":	0,
				"z":	0,
				"roll":	0,
				"pitch":	0,
				"yaw":	0,
				"width":	1000,
				"depth":	1000,
				"height":	1000
			},
			"flags":	{
				"enabled":	false,
				"workType":	false,
				"alwaysActive":	false
			},
			"name":	"DynVol_3"
		}, {
			"id":	3,
			"value":	{
				"x":	0,
				"y":	0,
				"z":	0,
				"roll":	0,
				"pitch":	0,
				"yaw":	0,
				"width":	1000,
				"depth":	1000,
				"height":	1000
			},
			"flags":	{
				"enabled":	false,
				"workType":	false,
				"alwaysActive":	false
			},
			"name":	"DynVol_4"
		}, {
			"id":	4,
			"value":	{
				"x":	0,
				"y":	0,
				"z":	0,
				"roll":	0,
				"pitch":	0,
				"yaw":	0,
				"width":	1000,
				"depth":	1000,
				"height":	1000
			},
			"flags":	{
				"enabled":	false,
				"workType":	false,
				"alwaysActive":	false
			},
			"name":	"DynVol_5"
		}, {
			"id":	5,
			"value":	{
				"x":	0,
				"y":	0,
				"z":	0,
				"roll":	0,
				"pitch":	0,
				"yaw":	0,
				"width":	1000,
				"depth":	1000,
				"height":	1000
			},
			"flags":	{
				"enabled":	false,
				"workType":	false,
				"alwaysActive":	false
			},
			"name":	"DynVol_6"
		}, {
			"id":	6,
			"value":	{
				"x":	0,
				"y":	0,
				"z":	0,
				"roll":	0,
				"pitch":	0,
				"yaw":	0,
				"width":	1000,
				"depth":	1000,
				"height":	1000
			},
			"flags":	{
				"enabled":	false,
				"workType":	false,
				"alwaysActive":	false
			},
			"name":	"DynVol_7"
		}, {
			"id":	7,
			"value":	{
				"x":	0,
				"y":	0,
				"z":	0,
				"roll":	0,
				"pitch":	0,
				"yaw":	0,
				"width":	1000,
				"depth":	1000,
				"height":	1000
			},
			"flags":	{
				"enabled":	false,
				"workType":	false,
				"alwaysActive":	false
			},
			"name":	"DynVol_8"
		}, {
			"id":	8,
			"value":	{
				"x":	0,
				"y":	0,
				"z":	0,
				"roll":	0,
				"pitch":	0,
				"yaw":	0,
				"width":	1000,
				"depth":	1000,
				"height":	1000
			},
			"flags":	{
				"enabled":	false,
				"workType":	false,
				"alwaysActive":	false
			},
			"name":	"DynVol_9"
		}, {
			"id":	9,
			"value":	{
				"x":	0,
				"y":	0,
				"z":	0,
				"roll":	0,
				"pitch":	0,
				"yaw":	0,
				"width":	1000,
				"depth":	1000,
				"height":	1000
			},
			"flags":	{
				"enabled":	false,
				"workType":	false,
				"alwaysActive":	false
			},
			"name":	"DynVol_10"
		}],
	"DynamicVolumesProperties":	{
		"stopInAutoMode":	0,
		"stopInProgMode":	0
	},
	"Systemsettings":	{
		"emergencyStopTime":	1400,
		"psFaddress":	0,
		"psStopDisable":	false
	},
	"StatusSignals":	{
		"signal1":	0,
		"signal2":	0,
		"signal3":	0
	},
	"Joints":	[{
			"id":	0,
			"name":	"Set 1",
			"flags":	{
				"enabled":	false,
				"activatedBy":	false,
				"stopInAutoMode":	0,
				"stopInProgMode":	0
			},
			"value":	{
				"idAxes":	[],
				"enabled":	[],
				"condition":	[],
				"inOut":	[],
				"limitLow":	[],
				"limitHigh":	[]
			}
		}, {
			"id":	1,
			"name":	"Set 2",
			"flags":	{
				"enabled":	false,
				"activatedBy":	false,
				"stopInAutoMode":	0,
				"stopInProgMode":	0
			},
			"value":	{
				"idAxes":	[],
				"enabled":	[],
				"condition":	[],
				"inOut":	[],
				"limitLow":	[],
				"limitHigh":	[]
			}
		}, {
			"id":	2,
			"name":	"Set 3",
			"flags":	{
				"enabled":	false,
				"activatedBy":	false,
				"stopInAutoMode":	0,
				"stopInProgMode":	0
			},
			"value":	{
				"idAxes":	[],
				"enabled":	[],
				"condition":	[],
				"inOut":	[],
				"limitLow":	[],
				"limitHigh":	[]
			}
		}, {
			"id":	3,
			"name":	"Set 4",
			"flags":	{
				"enabled":	false,
				"activatedBy":	false,
				"stopInAutoMode":	0,
				"stopInProgMode":	0
			},
			"value":	{
				"idAxes":	[],
				"enabled":	[],
				"condition":	[],
				"inOut":	[],
				"limitLow":	[],
				"limitHigh":	[]
			}
		}, {
			"id":	4,
			"name":	"Set 5",
			"flags":	{
				"enabled":	false,
				"activatedBy":	false,
				"stopInAutoMode":	0,
				"stopInProgMode":	0
			},
			"value":	{
				"idAxes":	[],
				"enabled":	[],
				"condition":	[],
				"inOut":	[],
				"limitLow":	[],
				"limitHigh":	[]
			}
		}, {
			"id":	5,
			"name":	"Set 6",
			"flags":	{
				"enabled":	false,
				"activatedBy":	false,
				"stopInAutoMode":	0,
				"stopInProgMode":	0
			},
			"value":	{
				"idAxes":	[],
				"enabled":	[],
				"condition":	[],
				"inOut":	[],
				"limitLow":	[],
				"limitHigh":	[]
			}
		}],
	"JointSpeed":	[{
			"id":	0,
			"name":	"Speed Limit",
			"value":	{
				"idAxes":	[],
				"enabled":	[],
				"speedLimit":	[]
			},
			"flags":	{
				"enabled":	false,
				"activatedBy":	false,
				"enableStopProcedure":	0
			}
		}],
	"Axis1Sector":	[{
			"id":	0,
			"name":	"Axis 1 sectors",
			"value":	{
				"delimiter":	[0, 0, 0, 0, 0, 0, 0, 0, 0, 0, 0, 0, 0, 0]
			}
		}],
	"SafeOutput":	{
		"block1":	false,
		"block2":	false,
		"block3":	true
	},
	"HighSpeed":	[{
			"name":	"High Speed",
			"flags":	{
				"enabled":	false,
				"cartControl":	0,
				"speedLimit":	0,
				"enableStopProcedure":	0
			}
		}],
	"LowSpeed":	[{
			"name":	"Low Speed",
			"flags":	{
				"enabled":	false,
				"cartControl":	0,
				"speedLimit":	0,
				"enableStopProcedure":	0
			}
		}],
	"ProgrSpeed":	[{
			"name":	"PROGR Speed",
			"flags":	{
				"enabled":	false,
				"stopCategory":	2
			}
		}],
	"WallCorners":	[],
	"ForbiddenVolumes":	[],
	"MonitoringPoints":	[],
	"AxisMonitoringPoint":	[{
			"name":	"Kinematic Monitoring Points",
			"value":	{
				"axis1":	0,
				"axis2":	0,
				"axis3":	0,
				"axis4":	0,
				"axis5":	0,
				"axis6":	0
			}
		}],
	"ElbowMonitoringPoint":	[{
			"name":	"Elbow Monitoring Points",
			"value":	{
				"id":	1,
				"x1":	0,
				"y1":	0,
				"z1":	0,
				"radius1":	0,
				"x2":	0,
				"y2":	0,
				"z2":	0,
				"radius2":	0
			}
		}],
	"Toolset1":	[{
			"id":	0,
			"name":	"monitoring point 1.1",
			"value":	{
				"x":	0,
				"y":	0,
				"z":	0,
				"radius":	0
			},
			"flags":	{
				"enabled":	false,
				"alwaysActive":	false
			}
		}, {
			"id":	1,
			"name":	"monitoring point 1.2",
			"value":	{
				"x":	0,
				"y":	0,
				"z":	0,
				"radius":	0
			},
			"flags":	{
				"enabled":	false,
				"alwaysActive":	false
			}
		}],
	"Toolset2":	[{
			"id":	0,
			"name":	"monitoring point 2.1",
			"value":	{
				"x":	0,
				"y":	0,
				"z":	0,
				"radius":	0
			},
			"flags":	{
				"enabled":	false,
				"alwaysActive":	false
			}
		}, {
			"id":	1,
			"name":	"monitoring point 2.2",
			"value":	{
				"x":	0,
				"y":	0,
				"z":	0,
				"radius":	0
			},
			"flags":	{
				"enabled":	false,
				"alwaysActive":	false
			}
		}],
	"FunctionalSpaceA":	[],
	"FunctionalSpaceB":	[],
	"Braketesttimer":	{
		"enabled":	false
	},
	"SpeedModulation":	{
		"enabled":	false
	},
	"Height":	{
		"zmin":	-41,
		"zmax":	3000
	},
	"Properties":	{
		"enabled":	false,
		"stopInAutoMode":	0,
		"stopInProgMode":	0
	},
	"ToolOrientation":	{
		"enabled":	0,
		"activatedBy":	false,
		"stopInAutoMode":	0,
		"stopInProgMode":	0
	},
	"ToolOrientationVectorW":	[{
			"value":	{
				"x":	0,
				"y":	0,
				"z":	0
			},
			"name":	"Flange Vector"
		}],
	"ToolOrientationOrcs":	[{
			"value":	{
				"roll":	0,
				"pitch":	0,
				"yaw":	0,
				"alpha":	0
			},
			"name":	"Flange Orientation Limiting"
		}]
}