<?xml version="1.0"?>

<config>
  <category>
    <name>Overall Data</name>
    <param>
      <name>Name of the axis</name>
      <variable>vt_root_axaux_gene.fvs_axis_name</variable>
      <type>STRING</type>
      <default>Custom axis</default>
      <allow-void>true</allow-void>
    </param>
    <param>
      <name>ARM index of the axis</name>
      <variable>vt_root_axaux_gene.fvi_ind_arm</variable>
      <type>INT</type>
      <min>1</min>
      <max>4</max>
      <default>1</default>
      <allow-void>true</allow-void>
    </param>
    <param>
      <name>Logical index of the axis</name>
      <variable>vt_root_axaux_gene.fvi_ind_axl</variable>
      <type>INT</type>
      <min>1</min>
      <max>10</max>
      <default>8</default>
      <allow-void>true</allow-void>
    </param>
    <param>
      <name>Address of the drive</name>
      <variable>vt_root_axaux_gene.fvi_ind_address</variable>
      <type>INT</type>
      <min>1</min>
      <max>127</max>
      <default>--</default>
      <allow-void>true</allow-void>
    </param>
    <param>
      <name>Channel of the drive</name>
      <variable>vt_root_axaux_gene.fvi_ind_channel</variable>
      <type>INT</type>
      <min>1</min>
      <max>2</max>
      <default>--</default> 
      <allow-void>true</allow-void>
    </param>
    <param>
      <name>Main axis (TRUE) or not (FALSE)</name>
      <variable>vt_root_axaux_gene.fvb_flag_mainaxis</variable>
      <type>BOOL</type>
      <default>FALSE</default>
      <allow-void>true</allow-void>
    </param>
    <param>
      <name>Auxiliary axis (TRUE) or not (FALSE)</name>
      <variable>vt_root_axaux_gene.fvb_flag_auxiaxis</variable>
      <type>BOOL</type>
      <default>TRUE</default>
      <allow-void>true</allow-void>
    </param>
    <param>
      <name>Axis type</name>
      <variable>vt_root_axaux_gene.fvi_axis_type</variable>
      <type>INT</type>
      <default>--</default>
      <allow-void>true</allow-void>
    </param>
    <param>
      <name>Option</name>
      <variable>vt_root_axaux_gene.fvi_axis_opti</variable>
      <type>INT</type>
      <default>--</default>
      <allow-void>true</allow-void>
    </param>
  </category>
  <category>
    <name>Mechanical Data</name>
    <param>
      <name>Axis Motion: 0 (rotating axis) or 1 (linear axis)</name>
      <variable>vt_root_axaux_mec.fvi_mot_ax</variable>
      <type>INT</type>
      <min>0</min>
      <max>1</max>
      <default>0</default>
      <options>
        <item>0 - Rotating axis</item>
        <item>1 - Linear axis</item>
      </options>
      <allow-void>true</allow-void>
    </param>
    <param>
      <name>Transmission ratio [revs/revs or mm/revs]</name>
      <variable>vt_root_axaux_mec.fvr_tx_rate</variable>
      <type>DOUBLE</type>
      <default>100</default>
      <allow-void>true</allow-void>
    </param>
    <param>
      <name>Maximum Speed [RPM]</name>
      <variable>vt_root_axaux_mec.fvi_mtr_spd_lim</variable>
      <type>INT</type>
      <default>4000</default>
      <min>0</min>
      <allow-void>true</allow-void>
    </param>
    <param>
      <name>Acceleration Time [ms]</name>
      <variable>vt_root_axaux_mec.fvi_mtr_acc_time</variable>
      <type>INT</type>
      <default>500</default>
      <min>0</min>
      <allow-void>true</allow-void>
    </param>
    <param>
      <name>Deceleration Time [ms]</name>
      <variable>vt_root_axaux_mec.fvi_mtr_dec_time</variable>
      <type>INT</type>
      <default>500</default>
      <min>0</min>
      <allow-void>true</allow-void>
    </param>
    <param>
      <name>Negative Stroke End [deg or mm]</name>
      <variable>vt_root_axaux_mec.fvr_strk_end_n</variable>
      <type>DOUBLE</type>
      <default>-2700</default>
      <allow-void>true</allow-void>
    </param>
    <param>
      <name>Positive Stroke End [deg or mm]</name>
      <variable>vt_root_axaux_mec.fvr_strk_end_p</variable>
      <type>DOUBLE</type>
      <default>2700</default>
      <allow-void>true</allow-void>
    </param>
    <param>
      <name>Calibration Point [deg or mm]</name>
      <variable>vt_root_axaux_mec.fvr_cal_sys</variable>
      <type>DOUBLE</type>
      <default>0</default>
      <allow-void>true</allow-void>
    </param>
    <param>
      <name>Fine Tolerance [deg or mm]</name>
      <variable>vt_root_axaux_mec.fvr_tol_jnt_fine</variable>
      <type>DOUBLE</type>
      <default>1</default>
      <min>0</min>
      <allow-void>true</allow-void>
    </param>
    <param>
      <name>Coarse Tolerance [deg or mm]</name>
      <variable>vt_root_axaux_mec.fvr_tol_jnt_coarse</variable>
      <type>DOUBLE</type>
      <default>2</default>
      <min>0</min>
      <allow-void>true</allow-void>
    </param>
    <param>
      <name>Current limit [A]</name>
      <variable>vt_root_axaux_mec.fvr_cur_lim</variable>
      <type>DOUBLE</type>
      <default>10</default>
      <min>0</min>
      <allow-void>true</allow-void>
    </param>
    <param>
      <name>Following Error Limit in AUTO [revs]</name>
      <variable>vt_root_axaux_mec.fvr_follw_err_auto</variable>
      <type>DOUBLE</type>
      <default>5.5</default>
      <min>0</min>
      <allow-void>true</allow-void>
    </param>
    <param>
      <name>Following Error Limit in PROG [revs]</name>
      <variable>vt_root_axaux_mec.fvr_follw_err_prog</variable>
      <type>DOUBLE</type>
      <default>1.5</default>
      <min>0</min>
      <allow-void>true</allow-void>
    </param>
    <param>
      <name>Following Error Limit LOW [revs]</name>
      <variable>vt_root_axaux_mec.fvr_follw_err_low</variable>
      <type>DOUBLE</type>
      <default>0.1</default>
      <min>0</min>
      <allow-void>true</allow-void>
    </param>
  </category>
  <category>
    <name>Electrical Data</name>
    <param>
      <name>Motor Size</name>
      <variable>vt_root_axaux_elec.fvi_mtr_size</variable>
      <type>INT</type>
      <default>--</default>
      <min>1</min>
      <max>11</max>
      <allow-void>true</allow-void>
    </param>
    <param>
      <name>Drive Size</name>
      <variable>vt_root_axaux_elec.fvi_drv_size</variable>
      <type>INT</type>
      <default>--</default>
      <min>1</min>
      <max>7</max>
      <allow-void>true</allow-void>
    </param>
    <param>
      <name>Transducer Type</name>
      <variable>vt_root_axaux_elec.fvi_trs_type</variable>
      <type>INT</type>
      <default>--</default>
      <min>4</min>
      <max>9</max>
      <allow-void>true</allow-void>
    </param>
  </category>
  <category>
    <name>Control Data</name>
    <param>
      <name>Axis not synchronous (TRUE) or synchronous (FALSE)</name>
      <variable>vt_root_axaux_ctrl.fvb_FlagNoSync</variable>
      <type>BOOL</type>
      <default>FALSE</default>
      <allow-void>true</allow-void>
    </param>
    <param>
      <name>Frequency of Target Filter in AUTO [Hz]</name>
      <variable>vt_root_axaux_ctrl.fvr_FtAuto</variable>
      <type>DOUBLE</type>
      <default>--</default>
      <min>0</min>
      <allow-void>true</allow-void>
    </param>
    <param>
      <name>Frequency of Target Filter in PROG [Hz]</name>
      <variable>vt_root_axaux_ctrl.fvr_FtProg</variable>
      <type>DOUBLE</type>
      <default>--</default>
      <min>0</min>
      <allow-void>true</allow-void>
    </param>
    <param>
      <name>Velocity Feed Forward [0-1]</name>
      <variable>vt_root_axaux_ctrl.fvr_FFv</variable>
      <type>DOUBLE</type>
      <default>--</default>
      <min>0</min>
      <max>1</max>
      <allow-void>true</allow-void>
    </param>
    <param>
      <name>Acceleration Feed Forward (>=0)</name>
      <variable>vt_root_axaux_ctrl.fvr_FFa</variable>
      <type>DOUBLE</type>
      <default>--</default>
      <min>0</min>
      <allow-void>true</allow-void>
    </param>
    <param>
      <name>Position Gain</name>
      <variable>vt_root_axaux_ctrl.fvr_Kp</variable>
      <type>DOUBLE</type>
      <default>--</default>
      <min>0</min>
      <allow-void>true</allow-void>
    </param>
    <param>
      <name>Velocity Gain</name>
      <variable>vt_root_axaux_ctrl.fvr_Kv</variable>
      <type>DOUBLE</type>
      <default>--</default>
      <min>0</min>
      <allow-void>true</allow-void>
    </param>
    <param>
      <name>Frequency of integral [Hz]</name>
      <variable>vt_root_axaux_ctrl.fvr_Fz</variable>
      <type>DOUBLE</type>
      <default>--</default>
      <min>0</min>
      <allow-void>true</allow-void>
    </param>
    <param>
      <name>Torque Gain [0-1]</name>
      <variable>vt_root_axaux_ctrl.fvr_TcGain</variable>
      <type>DOUBLE</type>
      <default>--</default>
      <min>0</min>
      <max>1</max>
      <allow-void>true</allow-void>
    </param>
    <param>
      <name>Motor Inertia [Kg*m^2]</name>
      <variable>vt_root_axaux_ctrl.fvr_Jm</variable>
      <type>DOUBLE</type>
      <default>--</default>
      <min>0</min>
      <allow-void>true</allow-void>
    </param>
    <param>
      <name>Motor Friction [Nm/(rad/sec)]</name>
      <variable>vt_root_axaux_ctrl.fvr_Bm</variable>
      <type>DOUBLE</type>
      <default>--</default>
      <min>0</min>
      <allow-void>true</allow-void>
    </param>
    <param>
      <name>Frequency of Torque Filter [Hz]</name>
      <variable>vt_root_axaux_ctrl.fvr_TcFilt</variable>
      <type>DOUBLE</type>
      <default>--</default>
      <min>0</min>
      <allow-void>true</allow-void>
    </param>
    <param>
      <name>Compensation Current [A]</name>
      <variable>vt_root_axaux_ctrl.fvr_Icomp</variable>
      <type>DOUBLE</type>
      <default>--</default>
      <allow-void>true</allow-void>
    </param>
  </category>
</config>
