<?xml version="1.0"?><!--rev 001-->
<rbdefinition>
	
	<robot>
		<rbmodel>20010</rbmodel> <!--TTL_NS-->
			<category>
				<element>NJ1_xx012</element><!--NJ 130-2.05-->
				<element>NJ1_xx112</element><!--NJ 130-2.05-->
				<element>NJ1_xx405</element><!--NJ 130-2.05-->
				<element>NJ1_xx022</element><!--NJ 130-2.05 Bending-->
				<element>NJ1_xx225</element><!--NJ 130-2.05 Bending-->
        <range>
          <min>0</min>
          <max>15</max>
          <firstfactor>0</firstfactor>
          <offset>180</offset>
        </range>
        <range>
          <min>15</min>
          <max>20</max>
          <firstfactor>40</firstfactor> <!--(90 - 50)-->
          <offset>50</offset>
        </range>
        <range>
          <min>20</min>
          <max>25</max>
          <firstfactor>11</firstfactor> <!--(50 - 39)-->
          <offset>39</offset>
        </range>
        <range>
          <min>25</min>
          <max>30</max>
          <firstfactor>7</firstfactor> <!--(39 - 32)-->
          <offset>32</offset>
        </range>
		</category>
		<defaultranges>
			<range>
				<min>0</min>
				<max>18</max>
				<firstfactor>0</firstfactor>
				<offset>180</offset>
			</range>
			<range>
				<min>18</min>
				<max>20</max>
				<firstfactor>20</firstfactor> <!--(90 - 70)-->
				<offset>70</offset>
			</range>
			<range>
				<min>20</min>
				<max>25</max>
				<firstfactor>25</firstfactor> <!--(70 - 45)-->
				<offset>45</offset>
			</range>
			<range>
				<min>25</min>
				<max>30</max>
				<firstfactor>10</firstfactor> <!--(45 - 35)-->
				<offset>35</offset>
			</range>
			<range>
				<min>30</min>
				<max>35</max>
				<firstfactor>5</firstfactor> <!--(35 - 30)-->
				<offset>30</offset>
			</range>
			<range>
				<min>35</min>
				<max>40</max>
				<firstfactor>3</firstfactor> <!--(30 - 27)-->
				<offset>27</offset>
			</range>
			<range>
				<min>40</min>
				<max>45</max>
				<firstfactor>2</firstfactor> <!--(27 - 25)-->
				<offset>25</offset>
			</range>
		</defaultranges>
	</robot>

	<robot>
		<rbmodel>20015</rbmodel> <!--TTL_NM-->
			<category>
				<element>NJ1_xx008</element><!-- NJ 60-2.2  -->
				<element>NJ1_xx203</element><!-- NJ 60-2.2  -->
				<element>NJ1_xx010</element><!-- NJ 40-2.5  -->
				<element>NJ1_xx202</element><!-- NJ 40-2.5  -->
				<element>NJ1_xx011</element><!-- NJ 16-3.1  -->
				<element>NJ1_xx201</element><!-- NJ 16-3.1  -->
				<element>NJ1_xx013</element><!-- NJ 40-2.5 OFFSET -->
				<element>NJ1_xx212</element><!-- NJ 40-2.5 OFFSET -->
				<element>NJ1_xx014</element><!-- NJ 60-2.2 OFFSET  -->
				<element>NJ1_xx213</element><!-- NJ 60-2.2 OFFSET  -->
				<element>NJ1_xx024</element><!-- NJ 60-2.2 OFFSET Bending  -->
				<element>NJ1_xx223</element><!-- NJ 60-2.2 OFFSET Bending  -->
				<range>
					<min>0</min>
					<max>20</max>
					<firstfactor>0</firstfactor>
					<offset>180</offset>
				</range>
				<range>
					<min>20</min>
					<max>25</max>
					<firstfactor>36</firstfactor> <!--(90 - 54)-->
					<offset>54</offset>
				</range>
				<range>
					<min>25</min>
					<max>30</max>
					<firstfactor>11</firstfactor> <!--(54 - 43)-->
					<offset>43</offset>
				</range>
				<range>
					<min>30</min>
					<max>35</max>
					<firstfactor>6</firstfactor> <!--(43 - 37)-->
					<offset>37</offset>
				</range>
				<range>
					<min>35</min>
					<max>40</max>
					<firstfactor>5</firstfactor> <!--(37 - 32)-->
					<offset>32</offset>
				</range>
				<range>
					<min>40</min>
					<max>45</max>
					<firstfactor>3</firstfactor> <!--(32 - 29)-->
					<offset>29</offset>
				</range>
			</category>
			<category>
				<element>NM_xx015</element><!--$FL_ARM_CNFG  XXL-->
				<range>
					<min>0</min>
					<max>17</max>
					<firstfactor>0</firstfactor>
					<offset>180</offset>
				</range>
				<range>
					<min>17</min>
					<max>20</max>
					<firstfactor>29</firstfactor> <!--(90 - 61)-->
					<offset>61</offset>
				</range>
				<range>
					<min>20</min>
					<max>25</max>
					<firstfactor>16</firstfactor> <!--(61 - 45)-->
					<offset>45</offset>
				</range>
				<range>
					<min>25</min>
					<max>30</max>
					<firstfactor>8</firstfactor> <!--(45 - 37)-->
					<offset>37</offset>
				</range>
				<range>
					<min>30</min>
					<max>35</max>
					<firstfactor>6</firstfactor> <!--(37 - 31)-->
					<offset>31</offset>
				</range>
				<range>
					<min>35</min>
					<max>40</max>
					<firstfactor>3</firstfactor> <!--(31 - 28)-->
					<offset>28</offset>
				</range>
				<range>
					<min>40</min>
					<max>45</max>
					<firstfactor>3</firstfactor> <!--(28 - 25)-->
					<offset>25</offset>
				</range>
		</category>
		<defaultranges>
			<range>
				<min>0</min>
				<max>18</max>
				<firstfactor>0</firstfactor>
				<offset>180</offset>
			</range>
			<range>
				<min>18</min>
				<max>20</max>
				<firstfactor>22</firstfactor> <!--(90 - 68)-->
				<offset>68</offset>
			</range>
			<range>
				<min>20</min>
				<max>25</max>
				<firstfactor>20</firstfactor> <!--(68 - 48)-->
				<offset>48</offset>
			</range>
			<range>
				<min>25</min>
				<max>30</max>
				<firstfactor>9</firstfactor> <!--(48 - 39)-->
				<offset>39</offset>
			</range>
			<range>
				<min>30</min>
				<max>35</max>
				<firstfactor>6</firstfactor> <!--(39 - 33)-->
				<offset>33</offset>
			</range>
			<range>
				<min>35</min>
				<max>40</max>
				<firstfactor>4</firstfactor> <!--(33 - 29)-->
				<offset>29</offset>
			</range>
			<range>
				<min>40</min>
				<max>45</max>
				<firstfactor>3</firstfactor> <!--(29 - 26)-->
				<offset>26</offset>
			</range>
		</defaultranges>
	</robot>

	<robot>
		<rbmodel>20006</rbmodel> <!--TTL_SIX-->
		<defaultranges>
			<range>
				<min>0</min>
				<max>33</max>
				<firstfactor>0</firstfactor>
				<offset>170</offset>
			</range>
			<range>
				<min>33</min>
				<max>40</max>
				<firstfactor>30</firstfactor> <!--(90 - 60)-->
				<offset>60</offset>
			</range>
			<range>
				<min>40</min>
				<max>45</max>
				<firstfactor>7</firstfactor> <!--(60 - 53)-->
				<offset>53</offset>
			</range>
		</defaultranges>
	</robot>

	<robot>
		<rbmodel>20050</rbmodel> <!--TTL_NIX-->
		<defaultranges>
			<range>
				<min>0</min>
				<max>20</max>
				<firstfactor>0</firstfactor>
				<offset>180</offset>
			</range>
			<range>
				<min>20</min>
				<max>25</max>
				<firstfactor>35</firstfactor> <!--(90 - 55)-->
				<offset>55</offset>
			</range>
			<range>
				<min>25</min>
				<max>30</max>
				<firstfactor>10</firstfactor> <!--(55 - 45)-->
				<offset>45</offset>
			</range>
			<range>
				<min>30</min>
				<max>35</max>
				<firstfactor>7</firstfactor> <!--(45 - 38)-->
				<offset>38</offset>
			</range>
			<range>
				<min>35</min>
				<max>40</max>
				<firstfactor>5</firstfactor> <!--(38 - 33)-->
				<offset>33</offset>
			</range>
			<range>
				<min>40</min>
				<max>45</max>
				<firstfactor>3</firstfactor> <!--(33 - 30)-->
				<offset>30</offset>
			</range>			
		</defaultranges>		
	</robot>
	
	<robot>
		<rbmodel>20052</rbmodel> <!--TTL_RACER-->
		<defaultranges>
			<range>
				<min>0</min>
				<max>55</max>
				<firstfactor>0</firstfactor>
				<offset>165</offset>
			</range>
			<range>
				<min>55</min>
				<max>65</max>
				<firstfactor>25</firstfactor> <!--(90 - 65)-->
				<offset>65</offset>
			</range>
			<range>
				<min>65</min>
				<max>75</max>
				<firstfactor>6</firstfactor> <!--(65 - 59)-->
				<offset>59</offset>
			</range>
			<range>
				<min>75</min>
				<max>80</max>
				<firstfactor>2</firstfactor> <!--(59 - 57)-->
				<offset>57</offset>
			</range>
			<range>
				<min>80</min>
				<max>85</max>
				<firstfactor>1</firstfactor> <!--(57 - 56)-->
				<offset>56</offset>
			</range>
			<range>
				<min>85</min>
				<max>90</max>
				<firstfactor>1</firstfactor> <!--(56 - 55)-->
				<offset>55</offset>
			</range>
		</defaultranges>		
	</robot>
  
	<robot>
		<rbmodel>20054</rbmodel> <!-- RACER5/5L/3-->
			<category>
				<element>RACER_xx109</element><!--RACER5-->  
				<element>RACER_xx402</element><!--RACER5-->  
			<range>
				<min>0</min>
				<max>58</max>
				<firstfactor>0</firstfactor>
				<offset>170</offset>
			</range>
			<range>
				<min>58</min>
				<max>62</max>
				<firstfactor>15</firstfactor> <!--(90 - 75)-->
				<offset>75</offset>
			</range>
			<range>
				<min>62</min>
				<max>68</max>
				<firstfactor>8</firstfactor> <!--(75 - 67)-->
				<offset>67</offset>
			</range>
			<range>
				<min>68</min>
				<max>78</max>
				<firstfactor>6</firstfactor> <!--(67 - 61)-->
				<offset>61</offset>
			</range>
			<range>
				<min>78</min>
				<max>86</max>
				<firstfactor>2</firstfactor> <!--(61 - 59)-->
				<offset>59</offset>
			</range>
			<range>
				<min>86</min>
				<max>90</max>
				<firstfactor>1</firstfactor> <!--(59 - 58)-->
				<offset>58</offset>
			</range>
			</category>        
			<category>
				<element>RACER_xx111</element><!--RACER5L-->  
				<element>RACER_xx403</element><!--RACER5L-->  
			<range>
				<min>0</min>
				<max>47</max>
				<firstfactor>0</firstfactor>
				<offset>170</offset>
			</range>
			<range>
				<min>47</min>
				<max>51</max>
				<firstfactor>18</firstfactor> <!--(90 - 72)-->
				<offset>72</offset>
			</range>
			<range>
				<min>51</min>
				<max>57</max>
				<firstfactor>11</firstfactor> <!--(72 - 61)-->
				<offset>61</offset>
			</range>
			<range>
				<min>57</min>
				<max>67</max>
				<firstfactor>8</firstfactor> <!--(61 - 53)-->
				<offset>53</offset>
			</range>
			<range>
				<min>67</min>
				<max>77</max>
				<firstfactor>4</firstfactor> <!--(53 - 49)-->
				<offset>49</offset>
			</range>
			<range>
				<min>77</min>
				<max>84</max>
				<firstfactor>1</firstfactor> <!--(49 - 48)-->
				<offset>48</offset>
			</range>
			<range>
				<min>84</min>
				<max>90</max>
				<firstfactor>1</firstfactor> <!--(48 - 47)-->
				<offset>47</offset>
			</range>
			</category>        
			<category>
				<element>RACER_xx113</element><!--RACER5L Cobot-->  
				<element>RACER_xx423</element><!--RACER5L Cobot-->  
			<range>
				<min>0</min>
				<max>47</max>
				<firstfactor>0</firstfactor>
				<offset>169</offset>
			</range>
			<range>
				<min>47</min>
				<max>51</max>
				<firstfactor>18</firstfactor> <!--(90 - 72)-->
				<offset>72</offset>
			</range>
			<range>
				<min>51</min>
				<max>57</max>
				<firstfactor>11</firstfactor> <!--(72 - 61)-->
				<offset>61</offset>
			</range>
			<range>
				<min>57</min>
				<max>67</max>
				<firstfactor>8</firstfactor> <!--(61 - 53)-->
				<offset>53</offset>
			</range>
			<range>
				<min>67</min>
				<max>77</max>
				<firstfactor>4</firstfactor> <!--(53 - 49)-->
				<offset>49</offset>
			</range>
			<range>
				<min>77</min>
				<max>84</max>
				<firstfactor>1</firstfactor> <!--(49 - 48)-->
				<offset>48</offset>
			</range>
			<range>
				<min>84</min>
				<max>90</max>
				<firstfactor>1</firstfactor> <!--(48 - 47)-->
				<offset>47</offset>
			</range>
			</category>        
		<defaultranges> <!--RACER3-->
			<range>
				<min>0</min>
				<max>90</max>
				<firstfactor>0</firstfactor>
				<offset>170</offset>
			</range>	
		</defaultranges>		
	</robot>
</rbdefinition>