{
	"DynamicVolumes":	[{
			"id":	0,
			"name":	"DynArea_A",
			"value":	{
				"x":	0,
				"y":	0,
				"z":	0,
				"roll":	0,
				"pitch":	0,
				"yaw":	0,
				"width":	1000,
				"depth":	1000,
				"height":	1000
			},
			"flags":	{
				"enabled":	false,
				"workType":	false,
				"alwaysActive":	false
			}
		}, {
			"id":	1,
			"name":	"DynArea_B",
			"value":	{
				"x":	0,
				"y":	0,
				"z":	0,
				"roll":	0,
				"pitch":	0,
				"yaw":	0,
				"width":	1000,
				"depth":	1000,
				"height":	1000
			},
			"flags":	{
				"enabled":	false,
				"workType":	false,
				"alwaysActive":	false
			}
		}, {
			"id":	2,
			"name":	"DynArea_C",
			"value":	{
				"x":	0,
				"y":	0,
				"z":	0,
				"roll":	0,
				"pitch":	0,
				"yaw":	0,
				"width":	1000,
				"depth":	1000,
				"height":	1000
			},
			"flags":	{
				"enabled":	false,
				"workType":	false,
				"alwaysActive":	false
			}
		}, {
			"id":	3,
			"name":	"DynArea_D",
			"value":	{
				"x":	0,
				"y":	0,
				"z":	0,
				"roll":	0,
				"pitch":	0,
				"yaw":	0,
				"width":	1000,
				"depth":	1000,
				"height":	1000
			},
			"flags":	{
				"enabled":	false,
				"workType":	false,
				"alwaysActive":	false
			}
		}, {
			"id":	4,
			"name":	"DynArea_E",
			"value":	{
				"x":	0,
				"y":	0,
				"z":	0,
				"roll":	0,
				"pitch":	0,
				"yaw":	0,
				"width":	1000,
				"depth":	1000,
				"height":	1000
			},
			"flags":	{
				"enabled":	false,
				"workType":	false,
				"alwaysActive":	false
			}
		}, {
			"id":	5,
			"name":	"DynArea_F",
			"value":	{
				"x":	0,
				"y":	0,
				"z":	0,
				"roll":	0,
				"pitch":	0,
				"yaw":	0,
				"width":	1000,
				"depth":	1000,
				"height":	1000
			},
			"flags":	{
				"enabled":	false,
				"workType":	false,
				"alwaysActive":	false
			}
		}, {
			"id":	6,
			"name":	"DynArea_G",
			"value":	{
				"x":	0,
				"y":	0,
				"z":	0,
				"roll":	0,
				"pitch":	0,
				"yaw":	0,
				"width":	1000,
				"depth":	1000,
				"height":	1000
			},
			"flags":	{
				"enabled":	false,
				"workType":	false,
				"alwaysActive":	false
			}
		}, {
			"id":	7,
			"name":	"DynArea_H",
			"value":	{
				"x":	0,
				"y":	0,
				"z":	0,
				"roll":	0,
				"pitch":	0,
				"yaw":	0,
				"width":	1000,
				"depth":	1000,
				"height":	1000
			},
			"flags":	{
				"enabled":	false,
				"workType":	false,
				"alwaysActive":	false
			}
		}, {
			"id":	8,
			"name":	"DynArea_I",
			"value":	{
				"x":	0,
				"y":	0,
				"z":	0,
				"roll":	0,
				"pitch":	0,
				"yaw":	0,
				"width":	1000,
				"depth":	1000,
				"height":	1000
			},
			"flags":	{
				"enabled":	false,
				"workType":	false,
				"alwaysActive":	false
			}
		}, {
			"id":	9,
			"name":	"DynArea_M",
			"value":	{
				"x":	0,
				"y":	0,
				"z":	0,
				"roll":	0,
				"pitch":	0,
				"yaw":	0,
				"width":	1000,
				"depth":	1000,
				"height":	1000
			},
			"flags":	{
				"enabled":	false,
				"workType":	false,
				"alwaysActive":	false
			}
		}],
	"DynamicVolumesProperties":	{
		"stopInAutoMode":	0,
		"stopInProgMode":	0
	},
	"Systemsettings":	{
		"emergencyStopTime":	1400,
		"psFaddress":	198
	},
	"StatusSignals":	{
		"signal1":	4,
		"signal2":	3,
		"signal3":	1
	},
	"Joints":	[{
			"id":	0,
			"name":	"Set 1",
			"flags":	{
				"enabled":	false,
				"activatedBy":	false,
				"stopInAutoMode":	0,
				"stopInProgMode":	2
			},
			"value":	{
				"idAxes":	[1, 2, 3, 4, 5, 6],
				"enabled":	[false, false, false, false, false, false],
				"condition":	[false, false, false, false, false, false],
				"inOut":	[true, true, true, true, true, true],
				"limitLow":	[0, 0, 0, 0, 0, 0],
				"limitHigh":	[0, 0, 0, 0, 0, 0]
			}
		}, {
			"id":	1,
			"name":	"Set 2",
			"flags":	{
				"enabled":	false,
				"activatedBy":	false,
				"stopInAutoMode":	0,
				"stopInProgMode":	2
			},
			"value":	{
				"idAxes":	[1, 2, 3, 4, 5, 6],
				"enabled":	[false, false, false, false, false, false],
				"condition":	[false, false, false, false, false, false],
				"inOut":	[true, true, true, true, true, true],
				"limitLow":	[0, 0, 0, 0, 0, 0],
				"limitHigh":	[0, 0, 0, 0, 0, 0]
			}
		}, {
			"id":	2,
			"name":	"Set 3",
			"flags":	{
				"enabled":	false,
				"activatedBy":	false,
				"stopInAutoMode":	0,
				"stopInProgMode":	2
			},
			"value":	{
				"idAxes":	[1, 2, 3, 4, 5, 6],
				"enabled":	[false, false, false, false, false, false],
				"condition":	[false, false, false, false, false, false],
				"inOut":	[true, true, true, true, true, true],
				"limitLow":	[0, 0, 0, 0, 0, 0],
				"limitHigh":	[0, 0, 0, 0, 0, 0]
			}
		}, {
			"id":	3,
			"name":	"Set 4",
			"flags":	{
				"enabled":	false,
				"activatedBy":	false,
				"stopInAutoMode":	0,
				"stopInProgMode":	2
			},
			"value":	{
				"idAxes":	[1, 2, 3, 4, 5, 6],
				"enabled":	[false, false, false, false, false, false],
				"condition":	[false, false, false, false, false, false],
				"inOut":	[true, true, true, true, true, true],
				"limitLow":	[0, 0, 0, 0, 0, 0],
				"limitHigh":	[0, 0, 0, 0, 0, 0]
			}
		}, {
			"id":	4,
			"name":	"Set 5",
			"flags":	{
				"enabled":	false,
				"activatedBy":	false,
				"stopInAutoMode":	0,
				"stopInProgMode":	2
			},
			"value":	{
				"idAxes":	[1, 2, 3, 4, 5, 6],
				"enabled":	[false, false, false, false, false, false],
				"condition":	[false, false, false, false, false, false],
				"inOut":	[true, true, true, true, true, true],
				"limitLow":	[0, 0, 0, 0, 0, 0],
				"limitHigh":	[0, 0, 0, 0, 0, 0]
			}
		}, {
			"id":	5,
			"name":	"Set 6",
			"flags":	{
				"enabled":	false,
				"activatedBy":	false,
				"stopInAutoMode":	0,
				"stopInProgMode":	2
			},
			"value":	{
				"idAxes":	[1, 2, 3, 4, 5, 6],
				"enabled":	[false, false, false, false, false, false],
				"condition":	[false, false, false, false, false, false],
				"inOut":	[true, true, true, true, true, true],
				"limitLow":	[0, 0, 0, 0, 0, 0],
				"limitHigh":	[0, 0, 0, 0, 0, 0]
			}
		}],
	"JointSpeed":	[{
			"id":	0,
			"name":	"Speed Limit",
			"value":	{
				"idAxes":	[1, 2, 3, 4, 5, 6],
				"enabled":	[false, false, false, false, false, false],
				"speedLimit":	[0, 0, 0, 0, 0, 0]
			},
			"flags":	{
				"enabled":	false,
				"activatedBy":	false,
				"enableStopProcedure":	0
			}
		}],
	"Axis1Sector":	[{
			"id":	0,
			"name":	"Axis 1 sectors",
			"value":	{
				"delimiter":	[]
			}
		}],
  "Axis7Sector":	[{
			"id":	0,
			"name":	"Axis 7 sectors",
			"value":	{
				"delimiter":	[]
			}
		}],
	"SafeOutput":	{
		"block1":	false,
		"block2":	true,
		"block3":	true
	},
	"HighSpeed":	[{
			"name":	"High Speed",
			"flags":	{
				"enabled":	false,
				"cartControl":	0,
				"speedLimit":	0,
				"enableStopProcedure":	0
			}
		}],
	"LowSpeed":	[{
			"name":	"Low Speed",
			"flags":	{
				"enabled":	false,
				"cartControl":	0,
				"speedLimit":	0,
				"enableStopProcedure":	0
			}
		}],
	"ProgrSpeed":	[{
			"name":	"PROGR Speed",
			"flags":	{
				"enabled":	true,
				"stopCategory":	1
			}
		}],
	"WallCorners":	[],
	"ForbiddenVolumes":	[],
	"MonitoringPoints":	[],
	"AxisMonitoringPoint":	[{
			"name":	"Kinematic Monitoring Points",
			"value":	{
				"axis1":	0,
				"axis2":	0,
				"axis3":	0,
				"axis4":	0,
				"axis5":	0,
				"axis6":	0
			}
		}],
	"Toolset1":	[{
			"id":	0,
			"name":	"monitoring point 1.1",
			"value":	{
				"x":	0,
				"y":	0,
				"z":	0,
				"radius":	0
			},
			"flags":	{
				"enabled":	false,
				"alwaysActive":	false
			}
		}, {
			"id":	1,
			"name":	"monitoring point 1.2",
			"value":	{
				"x":	0,
				"y":	0,
				"z":	0,
				"radius":	0
			},
			"flags":	{
				"enabled":	false,
				"alwaysActive":	false
			}
		}],
	"Toolset2":	[{
			"id":	0,
			"name":	"monitoring point 2.1",
			"value":	{
				"x":	0,
				"y":	0,
				"z":	0,
				"radius":	0
			},
			"flags":	{
				"enabled":	false,
				"alwaysActive":	false
			}
		}, {
			"id":	1,
			"name":	"monitoring point 2.2",
			"value":	{
				"x":	0,
				"y":	0,
				"z":	0,
				"radius":	0
			},
			"flags":	{
				"enabled":	false,
				"alwaysActive":	false
			}
		}],
	"FunctionalSpaceA":	[],
	"FunctionalSpaceB":	[],
	"Braketesttimer":	{
		"enabled":	false
	},
	"SpeedModulation":	{
		"enabled":	false
	},
	"Height":	{
		"zmin":	-600,
		"zmax":	3000
	},
	"Properties":	{
		"enabled":	false,
		"stopInAutoMode":	0,
		"stopInProgMode":	0
	},
	"ToolOrientation":	{
		"enabled":	0,
		"activatedBy":	0,
		"stopInAutoMode":	0,
		"stopInProgMode":	0
	},
	"ToolOrientationVectorW":	[{
			"value":	{
				"x":	100,
				"y":	100,
				"z":	100
			},
			"name":	"Flange Vector"
		}],
	"ToolOrientationOrcs":	[{
			"value":	{
				"roll":	0,
				"pitch":	90,
				"yaw":	0,
				"alpha":	30
			},
			"name":	"FLange Orientation Limiting"
		}]
}