<?xml version="1.0" encoding="utf-8"?>
<AcoposParameters>
<!-- Written by : REBEL_02402 -->
  <Parameter ID=" 328" Name="CTRL Controller: Mode" Value=" 4" Unit="" />
  <Parameter ID=" 231" Name="CTRL Position controller: Parameter ID enable input" Value=" 292" Unit="" />
  <Parameter ID=" 726" Name="CTRL Speed controller: Parameter ID enable input" Value=" 292" Unit="" />
  <Parameter ID=" 325" Name="CTRL Current controller: Set Value parameter ID of stator current quadrature component" Value=" 586" Unit="" />
  <Parameter ID=" 198" Name="Cyclic communication: Time for life sign monitoring of data to drive" Value=" 400" Unit="us" />
  <Parameter ID=" 90" Name="Motor holding brake: Mode" Value=" 35" Unit="" />
  <Parameter ID=" 15" Name="Motor holding brake: Position error limit" Value="1.999999955296516e-02" Unit="Rev." />
  <Parameter ID=" 211" Name="Motor holding brake: Control monitoring filter time" Value="5.000000000000000e-01" Unit="s" />
  <Parameter ID=" 276" Name="Motor: Phasing: Mode" Value=" 3" Unit="" />
  <Parameter ID=" 672" Name="Motor encoder: Load scaling: Count direction" Value=" 0" Unit="" />
  <Parameter ID=" 673" Name="Motor encoder: Load scaling: Units per VCTRL_SCALE_MOTOR_REV motor revolutions" Value=" 10000" Unit="" />
  <Parameter ID=" 674" Name="Motor encoder: Load scaling: Motor revolutions" Value=" 1" Unit="" />
  <Parameter ID=" 186" Name="Digital inputs: Active level bits" Value=" 31" Unit="" />
  <Parameter ID=" 184" Name="Digital inputs: Force enable bits" Value=" 0" Unit="" />
  <Parameter ID=" 583" Name="Digital inputs: Quickstop enable bits" Value=" 0" Unit="" />
  <Parameter ID=" 232" Name="Cyclic communication: Parameter index of data to drive" Value=" 0" Unit="" />
  <Parameter ID=" 207" Name="Cyclic communication: Parameter ID of data to drive" Value=" 586" Unit="" />
  <Parameter ID=" 234" Name="Cyclic communication: Index of parameter record for data from drive" Value=" 0" Unit="" />
  <Parameter ID=" 235" Name="Cyclic communication: Parameter index of data from drive" Value=" 0" Unit="" />
  <Parameter ID=" 236" Name="Cyclic communication: Parameter ID of data from drive" Value=" 245" Unit="" />
  <Parameter ID=" 235" Name="Cyclic communication: Parameter index of data from drive" Value=" 1" Unit="" />
  <Parameter ID=" 236" Name="Cyclic communication: Parameter ID of data from drive" Value=" 219" Unit="" />
  <Parameter ID=" 235" Name="Cyclic communication: Parameter index of data from drive" Value=" 2" Unit="" />
  <Parameter ID=" 236" Name="Cyclic communication: Parameter ID of data from drive" Value=" 214" Unit="" />
  <Parameter ID=" 235" Name="Cyclic communication: Parameter index of data from drive" Value=" 3" Unit="" />
  <Parameter ID=" 236" Name="Cyclic communication: Parameter ID of data from drive" Value=" 218" Unit="" />
  <Parameter ID=" 787" Name="Cyclic communication: Parameter index of monitor data from drive" Value=" 0" Unit="" />
  <Parameter ID=" 788" Name="Cyclic communication: Parameter ID of monitor data from drive" Value=" 221" Unit="" />
  <Parameter ID=" 787" Name="Cyclic communication: Parameter index of monitor data from drive" Value=" 1" Unit="" />
  <Parameter ID=" 788" Name="Cyclic communication: Parameter ID of monitor data from drive" Value=" 216" Unit="" />
  <Parameter ID=" 390" Name="CTRL DC bus: Nominal voltage" Value="2.300000000000000e+02" Unit="V" />
  <Parameter ID=" 345" Name="CTRL DC bus: Limiter: Switch on voltage for the bleeder" Value=" 390" Unit="V" />
  <Parameter ID=" 1169" Name="CTRL DC bus: minimum-to-rated voltage ratio" Value="7.789999842643738e-01" Unit="" />
  <Parameter ID=" 457" Name="CYCLIC_TOFRDRV_MODE" Value=" 1" Unit="" />
  <Parameter ID=" 869" Name="ICTRL_MODE" Value=" 1" Unit="" />
  <Parameter ID=" 347" Name="Power stage: Switch frequency" Value="1.000000000000000e+04" Unit="cps" />
  <Parameter ID=" 1166" Name="ICTRL_AUTO_CONFIG" Value=" 5" Unit="" />
  <Parameter ID=" 870" Name="CTRL Flux: Mode" Value=" 33" Unit="" />
  <Parameter ID=" 880" Name="CTRL Controller: Delay" Value="-1.999999949475750e-04" Unit="" />
  <Parameter ID=" 886" Name="ISQ - Ripple compensation: Data :index of spectrum" Value=" -1" Unit="" />
  <Parameter ID=" 877" Name="ISQ - Ripple compensation: Mode" Value=" 0" Unit="" />
  <Parameter ID=" 882" Name="ISQ - Ripple compensation: Data: Index" Value=" 0" Unit="" />
  <Parameter ID=" 883" Name="ISQ - Ripple compensation: Data: Frequency" Value="0.000000000000000e+00" Unit="" />
  <Parameter ID=" 1127" Name="ISQ - Ripple compensation: Data: Amplitude for quadrant I" Value="0.000000000000000e+00" Unit="" />
  <Parameter ID=" 1128" Name="ISQ - Ripple compensation: Data: Angle for quadrant I" Value="0.000000000000000e+00" Unit="" />
  <Parameter ID=" 1129" Name="ISQ - Ripple compensation: Data: Amplitude for quadrant III" Value="0.000000000000000e+00" Unit="" />
  <Parameter ID=" 1130" Name="ISQ - Ripple compensation: Data: Angle for quadrant III" Value="0.000000000000000e+00" Unit="" />
  <Parameter ID=" 884" Name="ISQ - Ripple compensation: Data: Amplitude" Value="0.000000000000000e+00" Unit="" />
  <Parameter ID=" 885" Name="ISQ - Ripple compensation: Data: Angle" Value="0.000000000000000e+00" Unit="" />
  <Parameter ID=" 882" Name="ISQ - Ripple compensation: Data: Index" Value=" 1" Unit="" />
  <Parameter ID=" 883" Name="ISQ - Ripple compensation: Data: Frequency" Value="0.000000000000000e+00" Unit="" />
  <Parameter ID=" 1127" Name="ISQ - Ripple compensation: Data: Amplitude for quadrant I" Value="0.000000000000000e+00" Unit="" />
  <Parameter ID=" 1128" Name="ISQ - Ripple compensation: Data: Angle for quadrant I" Value="0.000000000000000e+00" Unit="" />
  <Parameter ID=" 1129" Name="ISQ - Ripple compensation: Data: Amplitude for quadrant III" Value="0.000000000000000e+00" Unit="" />
  <Parameter ID=" 1130" Name="ISQ - Ripple compensation: Data: Angle for quadrant III" Value="0.000000000000000e+00" Unit="" />
  <Parameter ID=" 884" Name="ISQ - Ripple compensation: Data: Amplitude" Value="0.000000000000000e+00" Unit="" />
  <Parameter ID=" 885" Name="ISQ - Ripple compensation: Data: Angle" Value="0.000000000000000e+00" Unit="" />
  <Parameter ID=" 882" Name="ISQ - Ripple compensation: Data: Index" Value=" 2" Unit="" />
  <Parameter ID=" 883" Name="ISQ - Ripple compensation: Data: Frequency" Value="0.000000000000000e+00" Unit="" />
  <Parameter ID=" 1127" Name="ISQ - Ripple compensation: Data: Amplitude for quadrant I" Value="0.000000000000000e+00" Unit="" />
  <Parameter ID=" 1128" Name="ISQ - Ripple compensation: Data: Angle for quadrant I" Value="0.000000000000000e+00" Unit="" />
  <Parameter ID=" 1129" Name="ISQ - Ripple compensation: Data: Amplitude for quadrant III" Value="0.000000000000000e+00" Unit="" />
  <Parameter ID=" 1130" Name="ISQ - Ripple compensation: Data: Angle for quadrant III" Value="0.000000000000000e+00" Unit="" />
  <Parameter ID=" 884" Name="ISQ - Ripple compensation: Data: Amplitude" Value="0.000000000000000e+00" Unit="" />
  <Parameter ID=" 885" Name="ISQ - Ripple compensation: Data: Angle" Value="0.000000000000000e+00" Unit="" />
  <Parameter ID=" 882" Name="ISQ - Ripple compensation: Data: Index" Value=" 3" Unit="" />
  <Parameter ID=" 883" Name="ISQ - Ripple compensation: Data: Frequency" Value="0.000000000000000e+00" Unit="" />
  <Parameter ID=" 1127" Name="ISQ - Ripple compensation: Data: Amplitude for quadrant I" Value="0.000000000000000e+00" Unit="" />
  <Parameter ID=" 1128" Name="ISQ - Ripple compensation: Data: Angle for quadrant I" Value="0.000000000000000e+00" Unit="" />
  <Parameter ID=" 1129" Name="ISQ - Ripple compensation: Data: Amplitude for quadrant III" Value="0.000000000000000e+00" Unit="" />
  <Parameter ID=" 1130" Name="ISQ - Ripple compensation: Data: Angle for quadrant III" Value="0.000000000000000e+00" Unit="" />
  <Parameter ID=" 884" Name="ISQ - Ripple compensation: Data: Amplitude" Value="0.000000000000000e+00" Unit="" />
  <Parameter ID=" 885" Name="ISQ - Ripple compensation: Data: Angle" Value="0.000000000000000e+00" Unit="" />
  <Parameter ID=" 882" Name="ISQ - Ripple compensation: Data: Index" Value=" 4" Unit="" />
  <Parameter ID=" 883" Name="ISQ - Ripple compensation: Data: Frequency" Value="0.000000000000000e+00" Unit="" />
  <Parameter ID=" 1127" Name="ISQ - Ripple compensation: Data: Amplitude for quadrant I" Value="0.000000000000000e+00" Unit="" />
  <Parameter ID=" 1128" Name="ISQ - Ripple compensation: Data: Angle for quadrant I" Value="0.000000000000000e+00" Unit="" />
  <Parameter ID=" 1129" Name="ISQ - Ripple compensation: Data: Amplitude for quadrant III" Value="0.000000000000000e+00" Unit="" />
  <Parameter ID=" 1130" Name="ISQ - Ripple compensation: Data: Angle for quadrant III" Value="0.000000000000000e+00" Unit="" />
  <Parameter ID=" 884" Name="ISQ - Ripple compensation: Data: Amplitude" Value="0.000000000000000e+00" Unit="" />
  <Parameter ID=" 885" Name="ISQ - Ripple compensation: Data: Angle" Value="0.000000000000000e+00" Unit="" />
  <Parameter ID=" 882" Name="ISQ - Ripple compensation: Data: Index" Value=" 5" Unit="" />
  <Parameter ID=" 883" Name="ISQ - Ripple compensation: Data: Frequency" Value="0.000000000000000e+00" Unit="" />
  <Parameter ID=" 1127" Name="ISQ - Ripple compensation: Data: Amplitude for quadrant I" Value="0.000000000000000e+00" Unit="" />
  <Parameter ID=" 1128" Name="ISQ - Ripple compensation: Data: Angle for quadrant I" Value="0.000000000000000e+00" Unit="" />
  <Parameter ID=" 1129" Name="ISQ - Ripple compensation: Data: Amplitude for quadrant III" Value="0.000000000000000e+00" Unit="" />
  <Parameter ID=" 1130" Name="ISQ - Ripple compensation: Data: Angle for quadrant III" Value="0.000000000000000e+00" Unit="" />
  <Parameter ID=" 884" Name="ISQ - Ripple compensation: Data: Amplitude" Value="0.000000000000000e+00" Unit="" />
  <Parameter ID=" 885" Name="ISQ - Ripple compensation: Data: Angle" Value="0.000000000000000e+00" Unit="" />
  <Parameter ID=" 882" Name="ISQ - Ripple compensation: Data: Index" Value=" 6" Unit="" />
  <Parameter ID=" 883" Name="ISQ - Ripple compensation: Data: Frequency" Value="0.000000000000000e+00" Unit="" />
  <Parameter ID=" 1127" Name="ISQ - Ripple compensation: Data: Amplitude for quadrant I" Value="0.000000000000000e+00" Unit="" />
  <Parameter ID=" 1128" Name="ISQ - Ripple compensation: Data: Angle for quadrant I" Value="0.000000000000000e+00" Unit="" />
  <Parameter ID=" 1129" Name="ISQ - Ripple compensation: Data: Amplitude for quadrant III" Value="0.000000000000000e+00" Unit="" />
  <Parameter ID=" 1130" Name="ISQ - Ripple compensation: Data: Angle for quadrant III" Value="0.000000000000000e+00" Unit="" />
  <Parameter ID=" 884" Name="ISQ - Ripple compensation: Data: Amplitude" Value="0.000000000000000e+00" Unit="" />
  <Parameter ID=" 885" Name="ISQ - Ripple compensation: Data: Angle" Value="0.000000000000000e+00" Unit="" />
  <Parameter ID=" 882" Name="ISQ - Ripple compensation: Data: Index" Value=" 7" Unit="" />
  <Parameter ID=" 883" Name="ISQ - Ripple compensation: Data: Frequency" Value="0.000000000000000e+00" Unit="" />
  <Parameter ID=" 1127" Name="ISQ - Ripple compensation: Data: Amplitude for quadrant I" Value="0.000000000000000e+00" Unit="" />
  <Parameter ID=" 1128" Name="ISQ - Ripple compensation: Data: Angle for quadrant I" Value="0.000000000000000e+00" Unit="" />
  <Parameter ID=" 1129" Name="ISQ - Ripple compensation: Data: Amplitude for quadrant III" Value="0.000000000000000e+00" Unit="" />
  <Parameter ID=" 1130" Name="ISQ - Ripple compensation: Data: Angle for quadrant III" Value="0.000000000000000e+00" Unit="" />
  <Parameter ID=" 884" Name="ISQ - Ripple compensation: Data: Amplitude" Value="0.000000000000000e+00" Unit="" />
  <Parameter ID=" 885" Name="ISQ - Ripple compensation: Data: Angle" Value="0.000000000000000e+00" Unit="" />
  <Parameter ID=" 882" Name="ISQ - Ripple compensation: Data: Index" Value=" 8" Unit="" />
  <Parameter ID=" 883" Name="ISQ - Ripple compensation: Data: Frequency" Value="0.000000000000000e+00" Unit="" />
  <Parameter ID=" 1127" Name="ISQ - Ripple compensation: Data: Amplitude for quadrant I" Value="0.000000000000000e+00" Unit="" />
  <Parameter ID=" 1128" Name="ISQ - Ripple compensation: Data: Angle for quadrant I" Value="0.000000000000000e+00" Unit="" />
  <Parameter ID=" 1129" Name="ISQ - Ripple compensation: Data: Amplitude for quadrant III" Value="0.000000000000000e+00" Unit="" />
  <Parameter ID=" 1130" Name="ISQ - Ripple compensation: Data: Angle for quadrant III" Value="0.000000000000000e+00" Unit="" />
  <Parameter ID=" 884" Name="ISQ - Ripple compensation: Data: Amplitude" Value="0.000000000000000e+00" Unit="" />
  <Parameter ID=" 885" Name="ISQ - Ripple compensation: Data: Angle" Value="0.000000000000000e+00" Unit="" />
  <Parameter ID=" 882" Name="ISQ - Ripple compensation: Data: Index" Value=" 9" Unit="" />
  <Parameter ID=" 883" Name="ISQ - Ripple compensation: Data: Frequency" Value="0.000000000000000e+00" Unit="" />
  <Parameter ID=" 1127" Name="ISQ - Ripple compensation: Data: Amplitude for quadrant I" Value="0.000000000000000e+00" Unit="" />
  <Parameter ID=" 1128" Name="ISQ - Ripple compensation: Data: Angle for quadrant I" Value="0.000000000000000e+00" Unit="" />
  <Parameter ID=" 1129" Name="ISQ - Ripple compensation: Data: Amplitude for quadrant III" Value="0.000000000000000e+00" Unit="" />
  <Parameter ID=" 1130" Name="ISQ - Ripple compensation: Data: Angle for quadrant III" Value="0.000000000000000e+00" Unit="" />
  <Parameter ID=" 884" Name="ISQ - Ripple compensation: Data: Amplitude" Value="0.000000000000000e+00" Unit="" />
  <Parameter ID=" 885" Name="ISQ - Ripple compensation: Data: Angle" Value="0.000000000000000e+00" Unit="" />
  <Parameter ID=" 1131" Name="ISQ - Ripple compensation: Reference system" Value=" 0" Unit="" />
  <Parameter ID=" 877" Name="ISQ - Ripple compensation: Mode" Value=" 0" Unit="" />
  <Parameter ID=" 1033" Name="ISQ - CTRL speed controller: Set current filter1 Coefficient A0" Value="0.000000000000000e+00" Unit="" />
  <Parameter ID=" 1036" Name="ISQ - CTRL speed controller: Set current filter1 Coefficient A1" Value="0.000000000000000e+00" Unit="" />
  <Parameter ID=" 1039" Name="ISQ - CTRL speed controller: Set current filter1 Coefficient B0" Value="0.000000000000000e+00" Unit="" />
  <Parameter ID=" 1042" Name="ISQ - CTRL speed controller: Set current filter1 Coefficient B1" Value="0.000000000000000e+00" Unit="" />
  <Parameter ID=" 1045" Name="ISQ - CTRL speed controller: Set current filter1 Coefficient B2" Value="0.000000000000000e+00" Unit="" />
  <Parameter ID=" 824" Name="ISQ - CTRL speed controller: Set current filter1 parameter ID for coefficient C0" Value=" 0" Unit="" />
  <Parameter ID=" 827" Name="ISQ - CTRL speed controller: Set current filter1 parameter ID for coefficient C1" Value=" 0" Unit="" />
  <Parameter ID=" 1030" Name="ISQ - CTRL Speed controller: Set current filter1 type" Value=" 0" Unit="" />
  <Parameter ID=" 908" Name="Minimum time induction stop" Value="1.250000000000000e-01" Unit="" />
  <Parameter ID="311" Name="ENABLE_CONFIG" Value="1" Unit="" />
  <Parameter ID="1184" Name="HOMING_RESTORE_MODE" Value="1" Unit="" />
  <Parameter ID="459" Name="LIMIT_SWITCH_IGNORE" Value="1" Unit="" />
  <Parameter ID="127" Name="Negative SW end position" Value=" -2250000" Unit="" />
  <Parameter ID="126" Name="Positive SW end position" Value=" 2250000" Unit="" />
  <Parameter ID=" 777" Name="Function block: Create a FB instance" Value="12800" Unit="" />
  <Parameter ID=" 777" Name="Function block: Create a FB instance" Value="12801" Unit="" />
  <Parameter ID=" 777" Name="Function block: Create a FB instance" Value="12802" Unit="" />
  <Parameter ID="12936" Name="FB BIT: Parameter ID of input1" Value=" 8" Unit="" />
  <Parameter ID="12937" Name="FB BIT: Parameter ID of input1" Value=" 8" Unit="" />
  <Parameter ID="12938" Name="FB BIT: Parameter ID of input1" Value=" 8" Unit="" />
  <Parameter ID="12808" Name="FB BIT: Operand a1" Value=" 1" Unit="" />
  <Parameter ID="12809" Name="FB BIT: Operand a1" Value=" 1" Unit="" />
  <Parameter ID="12810" Name="FB BIT: Operand a1" Value=" 1" Unit="" />
  <Parameter ID="12872" Name="FB BIT: Operand b1" Value=" 2" Unit="" />
  <Parameter ID="12873" Name="FB BIT: Operand b1" Value=" 1" Unit="" />
  <Parameter ID="12874" Name="FB BIT: Operand b1" Value=" 0" Unit="" />
  <Parameter ID="12800" Name="FB BIT: Mode" Value="10" Unit="" />
  <Parameter ID="12801" Name="FB BIT: Mode" Value="10" Unit="" />
  <Parameter ID="12802" Name="FB BIT: Mode" Value="10" Unit="" />
  <Parameter ID=" 944" Name="Digital inputs: Parameter ID for    reference switch" Value="13016" Unit="" />
  <Parameter ID=" 945" Name="Digital inputs: Parameter ID for positive end switch" Value="13017" Unit="" />
  <Parameter ID=" 946" Name="Digital inputs: Parameter ID for negative end switch" Value="13018" Unit="" />
  <Parameter ID=" 373" Name="Motor: Temperature model: Mode" Value=" 0" Unit="" />
</AcoposParameters>
