<?xml version="1.0" encoding="utf-8"?>
<AcoposParameters>
  <Parameter ID="32" Name="Motor: Motor_date" Value="4116" Unit="" />
  <Parameter ID="40" Name="Motor: Motor_ordertext" Value="TMG CR82397915" Unit="" />
  <Parameter ID="41" Name="Motor: Motor_serialnumber" Value="SA00090" Unit="" />
  <Parameter ID=" 30" Name="Motor: Type" Value=" 2" Unit="" />
  <Parameter ID=" 31" Name="Motor: Software compatibility" Value=" 515" Unit="" />
  <Parameter ID=" 46" Name="Motor: Winding connection" Value=" 1" Unit="" />
  <Parameter ID=" 42" Name="Motor holding brake: Rated current" Value="3.3203125000000e-01" Unit="A" />
  <Parameter ID=" 43" Name="Motor holding brake: Rated torque" Value="1.2656250000000e+00" Unit="Nm" />
  <Parameter ID=" 44" Name="Motor holding brake: Engaging delay" Value="5.0003051757812e-02" Unit="s" />
  <Parameter ID=" 45" Name="Motor holding brake: Release delay" Value="2.0004272460938e-02" Unit="s" />
  <Parameter ID=" 64" Name="Motor: Temperature sensor parameter 1" Value="0.0000000000000e+00" Unit="" />
  <Parameter ID=" 65" Name="Motor: Temperature sensor parameter 2" Value="0.0000000000000e+00" Unit="" />
  <Parameter ID=" 66" Name="Motor: Temperature sensor parameter 3" Value="0.0000000000000e+00" Unit="" />
  <Parameter ID=" 67" Name="Motor: Temperature sensor parameter 4" Value="0.0000000000000e+00" Unit="" />
  <Parameter ID=" 68" Name="Motor: Temperature sensor parameter 5" Value="0.0000000000000e+00" Unit="" />
  <Parameter ID=" 69" Name="Motor: Temperature sensor parameter 6" Value="0.0000000000000e+00" Unit="" />
  <Parameter ID=" 70" Name="Motor: Temperature sensor parameter 7" Value="0.0000000000000e+00" Unit="" />
  <Parameter ID=" 71" Name="Motor: Temperature sensor parameter 8" Value="0.0000000000000e+00" Unit="" />
  <Parameter ID=" 72" Name="Motor: Temperature sensor parameter 9" Value="0.0000000000000e+00" Unit="" />
  <Parameter ID=" 73" Name="Motor: Temperature sensor parameter 10" Value="0.0000000000000e+00" Unit="" />
  <Parameter ID=" 849" Name="Motor: Thermal time constant" Value="6.0000000000000e+02" Unit="s" />
  <Parameter ID=" 47" Name="Motor: Number of pole-pairs" Value=" 5" Unit="" />
  <Parameter ID=" 48" Name="Motor: Rated voltage" Value="2.3000000000000e+02" Unit="V" />
  <Parameter ID=" 49" Name="Motor: Voltage constant" Value="1.3500000000000e+01" Unit="mV*min" />
  <Parameter ID=" 50" Name="Motor: Rated speed" Value="3.0000000000000e+03" Unit="1/min" />
  <Parameter ID=" 51" Name="Motor: Maximum speed" Value="6.0000000000000e+03" Unit="1/min" />
  <Parameter ID=" 52" Name="Motor: Stall torque" Value="1.2656250000000e+00" Unit="Nm" />
  <Parameter ID=" 53" Name="Motor: Rated torque" Value="1.2656250000000e+00" Unit="Nm" />
  <Parameter ID=" 54" Name="Motor: Peak torque" Value="4.4531250000000e+00" Unit="Nm" />
  <Parameter ID=" 55" Name="Motor: Torque constant" Value="2.2387695312500e-01" Unit="Nm/A" />
  <Parameter ID=" 56" Name="Motor: Stall current" Value="5.4062500000000e+00" Unit="A" />
  <Parameter ID=" 57" Name="Motor: Rated current" Value="5.7031250000000e+00" Unit="A" />
  <Parameter ID=" 58" Name="Motor: Peak current" Value="1.9203125000000e+01" Unit="A" />
  <Parameter ID=" 59" Name="Motor: Line cross section" Value="1.9628906250000e-01" Unit="mm2" />
  <Parameter ID=" 60" Name="Motor: Stator resistance" Value="8.3423328399658e-01" Unit="Ohm" />
  <Parameter ID=" 61" Name="Motor: Stator inductance" Value="2.5629999581724e-03" Unit="Henry" />
  <Parameter ID=" 62" Name="Motor: Moment of inertia" Value="4.6000001020730e-05" Unit="kgm2" />
  <Parameter ID=" 63" Name="Motor: Commutation offset" Value="3.1398925781250e+00" Unit="rad" />
  <Parameter ID=" 74" Name="Motor: Maximum allowed winding temperature" Value="1.5000000000000e+02" Unit="C" />
</AcoposParameters>
